{"cameraMode":{"drawMode":0,"name":"Shaded","section":"Shading Mode"},"sceneLighting":true,"audioPlay":false,"sceneViewState":{"showFog":true,"showMaterialUpdate":false,"showSkybox":true,"showFlares":true,"showImageEffects":true,"showParticleSystems":true},"in2DMode":false,"pivot":{"x":462.2749328613281,"y":12.419756889343262,"z":492.11163330078127},"rotation":{"x":0.18550103902816773,"y":-0.3591647744178772,"z":0.0730530172586441,"w":0.9117534756660461},"size":39.9133415222168,"orthographic":false}