{"cameraMode":{"drawMode":0,"name":"Shaded","section":"Shading Mode"},"sceneLighting":true,"audioPlay":false,"sceneViewState":{"showFog":true,"showMaterialUpdate":false,"showSkybox":true,"showFlares":true,"showImageEffects":true,"showParticleSystems":true},"in2DMode":false,"pivot":{"x":426.735595703125,"y":7.472395896911621,"z":271.98162841796877},"rotation":{"x":-0.2350264936685562,"y":0.6521221995353699,"z":-0.22352305054664613,"w":-0.6853106617927551},"size":2.9654018878936769,"orthographic":false}